eventcode,time,year,mag,location,HaggLQ,ExpPopLQ,Dam_Code,Kate added recently?,PH_LQ,QH_LQ,PE_LQ,QE_LQ,Buildings,Transportation,Utilities,Buildings_Cost,Transportation_Cost,Utilities_Cost,Total_Cost,American?
ci10012262,8/13/78,1978,5.1,"12km S of Santa Barbara, CA",0.2,150,1,,14.3908,590.4282,74.2232,3953.036,0,0,0,0,0,0,0,1
ci134894,11/24/87,1987,6.2,"17km WNW of Westmorland, CA",15,200,1,1,111.4949,2710.7327,62.9705,2778.5927,0,0,0,0,0,0,0,1
ci3019681,4/23/92,1992,6.1,"17km NNE of Thousand Palms, California",0.39,320,1,1,58.5936,3559.5017,710.252,43215.253,0,0,0,0,0,0,0,1
ci3105173,5/17/93,1993,6.1,"46km E of Big Pine, California",0.54,0,1,1,135.2447,3809.0459,,,0,0,0,0,0,0,0,1
ci3329122,4/9/68,1968,6.6,"5km NNE of Ocotillo Wells, CA",90,11000,1,1,52.0677,886.5567,189.8609,6287.9094,0,0,0,0,0,0,0,1
ci3347678,2/9/71,1971,6.6,"10km SSW of Agua Dulce, CA",22,30000,1,,776.0644,22187.8535,321.1065,8262.4724,,,,0,0,0,0,1
ci3352060,10/15/79,1979,6.4,"10km E of Mexicali, B.C., MX",100,18000,1,1,1046.4676,18009.851,116.1333,2694.2383,0,0,0,0,0,0,0,0
ci628016,11/24/87,1987,6.6,"22km W of Westmorland, CA",60,9100,1,,705.5511,13402.5318,44.8289,1409.1985,,,,0,0,0,0,1
ci700917,7/8/86,1986,6,"6km SSW of Morongo Valley, CA",1.2,630,1,1,2490.1276,140499.5389,4228.6334,247190.3145,0,0,0,0,0,0,0,1
ci731691,10/1/87,1987,5.9,"2km SSW of Rosemead, CA",9.3,29000,1,,950.305,29609.1852,799.6576,26314.5132,,,,0,0,0,0,1
hv19730624,4/26/73,1973,6.2,"Hawaii region, Hawaii",0,0,1,,0,0,0,0,,,,0,0,0,0,1
hv5532127,10/15/06,2006,6.7,"Hawaii region, Hawaii",0,0,1,,0,0,0,0,,,,0,0,0,0,1
hv70116556,5/4/18,2018,6.9,"19km SSW of Leilani Estates, Hawaii",0,0,1,,0,0,0,0,,,,0,0,0,0,1
iscgem791579,10/31/70,1970,6.9,"near the north coast of New Guinea, Papua New Guinea",570,22000,1,,538.9694,1969.6273,31.5477,80.135,,,,0,0,0,0,0
iscgem796163,5/31/70,1970,7.9,near the coast of northern Peru,15,1500,1,,182.3876,3132.3344,19.5652,916.7046,,,,0,0,0,0,0
iscgem811200,3/21/69,1969,6,"Baja California-Sonora border region, Mexico",0,0,1,1,0,0,0,0,0,0,0,0,0,0,0,0
iscgem822588,5/23/68,1968,7.2,South Island of New Zealand,120,2600,1,,1137.5647,5493.8922,146.0953,294.5729,,,,0,0,0,0,0
iscgem842581,10/17/66,1966,8.1,near the coast of central Peru,4.2,86,1,,20.9152,390.9914,8.9862,324.6188,,,,0,0,0,0,0
iscgem844236,8/7/66,1966,6.5,"173km SE of Estacion Coahuila, B.C., MX",0.39,240,1,1,11.2562,313.5441,16.6065,541.2922,0,0,0,0,0,0,0,0
iscgem866844,6/16/64,1964,7.6,"near the west coast of Honshu, Japan",570,430000,1,,505.9624,699.4644,267.8391,359.297,,,,0,0,0,0,0
iscgem896645,7/10/49,1949,7.5,Tajikistan,0.89,33,1,,51.4639,1187.2976,12.6468,416.9981,,,,0,0,0,0,0
iscgem908150,6/16/29,1929,7.3,South Island of New Zealand,31,1400,1,,197.0985,1488.265,30.4933,36.996,,,,0,0,0,0,0
iscgem911526,9/1/23,1923,8.1,"Kanto, Japan",2000,5600000,1,,734.3844,2102.9996,224.4421,578.1953,,,,0,0,0,0,0
iscgem912687,12/16/20,1920,8.3,"Gansu-Ningxia border region, China",450,140000,1,,2638.7735,32326.638,269.169,3226.7997,,,,0,0,0,0,0
iscgem913306,10/11/18,1918,7.1,Puerto Rico region,160,45000,1,,622.8962,3427.1142,84.7292,554.3472,,,,0,0,0,0,0
ld2002042000,4/20/02,2002,5.3,New York,0.093,7,1,,37.7307,2228.8606,428.3777,27771.561,0,0,0,0,0,0,0,1
nc10085763,7/21/86,1986,6.4,Central California,3.4,20,1,1,94.316,2721.1738,143.6596,7956.643,0,0,0,0,0,0,0,1
nc1053043,5/25/80,1980,6.1,Central California,4,0,1,1,366.0334,7992.7569,49.298,2536.044,0,0,0,0,0,0,0,1
nc1053045,5/25/80,1980,6,"Long Valley area, California",0.7,0,1,1,12.6343,385.4699,47.7783,2946.6213,0,0,0,0,0,0,0,1
nc1053054,5/25/80,1980,6.1,Central California,0.69,0,1,1,8.1506,236.8151,106.0604,7813.5647,0,0,0,0,0,0,0,1
nc1053177,5/27/80,1980,6.2,Central California,0.87,1,1,1,13.6868,533.9273,10.4194,487.6697,0,0,0,0,0,0,0,1
nc1091100,5/2/83,1983,6.7,Central California,110,1600,1,,1056.849,15931.9987,51.1769,837.9018,,,,0,0,0,0,1
nc17204,4/24/84,1984,6.2,Northern California,19,21000,1,1,173.8936,3156.5657,89.4316,2115.5392,0,0,0,0,0,0,0,1
nc228027,8/17/91,1991,6,Northern California,0.072,0,1,1,10.9687,342.5258,10.3064,365.2142,0,0,0,0,0,0,0,1
nc269151,4/25/92,1992,7.2,"20km SSW of Rio Dell, California",43,1500,1,,57.9467,127.5311,19.8015,229.7078,,,,0,0,0,0,1
nc32321,11/23/84,1984,6.1,Central California,0.42,0,1,1,29.9519,1685.7673,inf,inf,0,0,0,0,0,0,0,1
nm606657,4/18/08,2008,5.2,"11km WNW of Mount Carmel, Illinois",11,48,1,,167.9472,4850.1964,27.3661,1179.5192,,,,0,0,0,0,1
nn00725272,5/15/20,2020,6.5,"56 km W of Tonopah, Nevada, ",11,0,1,,99.6579,1459.3909,5.9807,131.8355,0,0,0,0,0,0,0,1
official19500815140934_30,8/15/50,1950,8.6,eastern Xizang-India border region,4500,1300000,1,,2091.8901,1519.307,735.2378,436.1949,,,,0,0,0,0,0
official20030925195006360_27,9/25/03,2003,8.2,"Hokkaido, Japan region",510,85000,1,,272.1428,1585.6169,90.6458,286.4299,,,,0,0,0,0,0
official20030925195006360_27,9/25/03,2003,8.2,"Hokkaido, Japan region",510,85000,1,,272.1428,1585.6169,90.6458,286.4299,,,,0,0,0,0,0
official20100227063411530_30,2/27/10,2010,8.8,"offshore Bio-Bio, Chile",1300,210000,1,,2215.9636,18269.5193,186.7566,2093.8359,,,,0,0,0,0,0
official20110311054624120_30,3/11/11,2011,9.1,"2011 Great Tohoku Earthquake, Japan",2200,3900000,1,,1823.1863,6649.5269,625.1708,2300.6571,,,,0,0,0,0,0
us10001ldx,3/10/15,2015,6.2,"9km NNE of Aratoca, Colombia",0,0,1,,0,0,0,0,,,,0,0,0,0,0
us10003ywp,11/17/15,2015,6.5,"10km WSW of Nidri, Greece",41,3300,1,,35.6738,169.6331,13.4511,76.3901,,,,0,0,0,0,0
us10006g7d,8/24/16,2016,6.2,"10km SE of Norcia, Italy",0.026,1,1,,44.417,2251.4784,384.1138,27766.1432,,,,0,0,0,0,0
us1000778i,11/13/16,2016,7.8,"54km NNE of Amberley, New Zealand",68,6800,1,,95.6549,836.2453,31.9554,168.39,,,,0,0,0,0,0
us10008e3k,4/3/17,2017,6.5,"132km WSW of Moijabana, Botswana",910,360,1,,311.3062,3850.2178,127.2796,1752.4579,,,,0,0,0,0,0
us1000eu1c,6/17/18,2018,5.5,"1km NW of Hirakata, Japan",70,460000,1,,175.5091,1096.077,108.9201,753.6058,,,,0,0,0,0,0
us1000h3p4,9/28/18,2018,7.5,"70km N of Palu, Indonesia",450,140000,1,,576.4459,1383.7051,135.6704,316.4016,,,,0,0,0,0,0
us1000hfgv,10/22/18,2018,6.8,"202km SW of Port Hardy, Canada",0,0,1,,0,0,0,0,,,,0,0,0,0,0
us20002926,4/25/15,2015,7.8,"36km E of Khudi, Nepal",3800,4100000,1,,980.5473,2226.0014,1001.5435,2314.3416,,,,0,0,0,0,0
us20002m5s,6/4/15,2015,6,"14km WNW of Ranau, Malaysia",0.95,200,1,,179.749,5600.5528,56.2232,1810.5412,,,,0,0,0,0,0
us20003k7a,9/16/15,2015,8.3,"48km W of Illapel, Chile",7.9,2100,1,,33.4527,1040.6608,18.5634,820.0891,,,,0,0,0,0,0
us20004y6h,2/5/16,2016,6.4,"25km SE of Yujing, Taiwan",360,330000,1,,197.3569,509.0007,115.5431,352.0462,,,,0,0,0,0,0
us20005iis,4/15/16,2016,7,"1km E of Kumamoto-shi, Japan",400,400000,1,,511.3578,1298.5437,199.2121,422.7492,,,,0,0,0,0,0
us20005j32,4/16/16,2016,7.8,"27km SSE of Muisne, Ecuador",2500,260000,1,,875.9396,2999.2828,193.7386,674.1011,,,,0,0,0,0,0
us2000ahv0,9/8/17,2017,8.2,"101km SSW of Tres Picos, Mexico",1600,150000,1,,360.9705,773.651,111.0022,388.2885,,,,0,0,0,0,0
us2000ar20,9/19/17,2017,7.1,"1km E of Ayutla, Mexico",170,640000,1,,619.2116,6990.5911,204.5408,1621.449,,,,0,0,0,0,0
us2000bmcg,11/12/17,2017,7.3,"29km S of Halabjah, Iraq",150,23000,1,,1373.3528,18078.5577,204.5176,4140.919,,,,0,0,0,0,0
us2000bmhe,11/13/17,2017,6.5,"18km W of Parrita, Costa Rica",58,4200,1,,68.6774,186.1319,61.9786,192.3555,,,,0,0,0,0,0
us2000cmy3,1/23/18,2018,7.9,"280km SE of Kodiak, Alaska",0,0,1,,0,0,0,0,,,,0,0,0,0,1
us2000d7q6,2/25/18,2018,7.5,"83km SW of Porgera, Papua New Guinea",2300,28000,1,,2167.8428,6173.1158,269.0103,1291.5005,,,,0,0,0,0,0
us2000h8ty,9/5/18,2018,6.6,"27km ENE of Tomakomai, Japan",220,120000,1,,242.55,1067.909,39.5438,274.713,,,,0,0,0,0,0
us70006vll,1/7/20,2020,6.4,"13 km SSE of Maria Antonia, Gu√°nica, PR",15,3300,1,,40.4073,413.0625,22.0425,388.5227,,,,0,0,0,0,0
us70008jr5,3/31/20,2020,6.5,"70 km W of Challis, Idaho, ",0.87,0,1,,73.6472,1828.4998,6.1013,199.5694,0,0,0,0,0,0,0,1
usb000gcdd,4/20/13,2013,6.6,"56km WSW of Linqiong, China",30,32000,1,,367.1046,5876.5793,76.2632,826.6856,,,,0,0,0,0,0
usb000i4re,7/2/13,2013,6.1,"55km S of Bireun, Indonesia",0.34,170,1,,53.5428,1553.8567,8.5881,403.9128,,,,0,0,0,0,0
usb000iivv,7/21/13,2013,6.5,"46km ESE of Blenheim, New Zealand",9.5,520,1,,9.4892,66.8112,5.0732,49.5147,,,,0,0,0,0,0
usb000ije3,7/21/13,2013,5.9,"13km E of Chabu, China",0.0029,4,1,,10.9719,947.5952,3.264,261.7707,,,,0,0,0,0,0
usb000j4iz,8/16/13,2013,6.5,"29km SE of Blenheim, New Zealand",18,1300,1,,13.6004,117.2636,4.7948,33.4033,,,,0,0,0,0,0
usb000m4i4,1/20/14,2014,6.1,"35km NNE of Masterton, New Zealand",37,4500,1,,63.2126,969.926,13.6758,204.7002,,,,0,0,0,0,0
usb000m8ch,1/26/14,2014,6.1,"1km ENE of Lixourion, Greece",0.71,35,1,,19.3777,183.8553,2.3929,74.5118,,,,0,0,0,0,0
usb000rzmg,8/3/14,2014,6.2,"11km W of Wenping, China",0.23,150,1,,9.4519,417.5561,11.2247,562.1485,,,,0,0,0,0,0
usb000s27f,8/12/14,2014,5.1,"22km WSW of Cayambe, Ecuador",0,0,1,,0,0,0,0,,,,0,0,0,0,0
usc000nzvd,4/1/14,2014,8.2,"94km NW of Iquique, Chile",61,230,1,,43.0155,655.6256,23.7097,782.299,,,,0,0,0,0,0
usc000tbve,1/5/15,2015,5.6,"43km SSE of Hokitika, New Zealand",0.21,0,1,,2.2188,67.0478,2.5143,135.033,,,,0,0,0,0,0
ushis2396,8/18/59,1959,7.3,"Hebgen Lake, Wyoming Earthquake",63,190,1,,407.7826,5362.4027,15.5221,189.5346,,,,0,0,0,0,1
usp0000ad8,3/28/75,1975,6.1,southern Idaho,6.4,4,1,1,18.1082,352.0663,12.6595,444.1244,0,0,0,0,0,0,0,1
usp0000ex3,2/4/76,1976,7.5,Guatemala,1200,130000,1,,796.9992,1917.6049,485.1007,2842.1416,,,,0,0,0,0,0
usp0000g5v,5/6/76,1976,6.5,Austria-Italy-Slovenia border region,110,29000,1,,77.9244,664.3529,96.5671,957.9477,,,,0,0,0,0,0
usp0000h1p,6/25/76,1976,7.1,"Papua, Indonesia",330,1500,1,,33.6686,115.4301,39.201,138.1788,,,,0,0,0,0,0
usp0000h9g,7/11/76,1976,7,Panama,69,240,1,,158.1721,483.1418,19.6684,27.1141,,,,0,0,0,0,0
usp0000nh4,4/21/77,1977,7.5,Solomon Islands,170,8600,1,,87.7636,171.8624,87.6839,145.5378,,,,0,0,0,0,0
usp0000sge,1/14/78,1978,6.6,"near the south coast of Honshu, Japan",15,31000,1,,80.9986,311.5781,32.0539,147.1537,,,,0,0,0,0,0
usp0000v0f,6/12/78,1978,7.7,"near the east coast of Honshu, Japan",300,180000,1,,193.1287,863.1635,70.7174,374.2926,,,,0,0,0,0,0
usp000155j,1/24/80,1980,5.8,"San Francisco Bay area, California",8.9,1300,1,,466.9094,14434.5321,140.3715,7261.4594,,,,0,0,0,0,1
usp0001vmy,5/26/83,1983,7.4,"near the west coast of Honshu, Japan",95,31000,1,,74.9904,238.2992,31.2689,101.5012,,,,0,0,0,0,0
usp0001zbv,10/28/83,1983,6.9,southern Idaho,23,56,1,1,1155.9395,24111.901,82.4939,2834.6505,0,0,0,0,0,0,0,1
usp00024bq,5/13/84,1984,5.5,Bosnia and Herzegovina,2.3,830,1,,34.9789,414.5151,8.7172,84.0647,,,,0,0,0,0,0
usp00027d9,9/14/84,1984,5.7,"eastern Honshu, Japan",0,0,1,,0,0,0,0,,,,0,0,0,0,0
usp0002ccz,3/3/85,1985,8,"offshore Valparaiso, Chile",220,59000,1,,139.232,1749.0244,26.3688,547.2657,,,,0,0,0,0,0
usp0002yu9,10/10/86,1986,5.7,El Salvador,3.3,12000,1,,98.1174,1793.3621,33.0187,589.9461,,,,0,0,0,0,0
usp000329h,2/8/87,1987,7.4,"eastern New Guinea region, Papua New Guinea",140,26000,1,,104.7499,430.887,6.3084,18.7407,,,,0,0,0,0,0
usp00032x6,3/2/87,1987,6.5,North Island of New Zealand,88,5300,1,,88.1385,240.1259,60.5885,114.6438,,,,0,0,0,0,0
usp000330w,3/6/87,1987,7.2,Colombia-Ecuador border region,47,1400,1,,110.908,723.6181,43.0903,802.5272,,,,0,0,0,0,0
usp00035w5,6/18/87,1987,5.9,"Luzon, Philippines",0.1,12,1,,2.1218,116.0062,4.7799,271.3809,,,,0,0,0,0,0
usp0003bbq,12/17/87,1987,6.7,"near the east coast of Honshu, Japan",320,1100000,1,,39.918,200.4672,14.8426,87.747,,,,0,0,0,0,0
usp0003k6t,8/20/88,1988,6.9,Nepal-India border region,4500,5100000,1,,6484.9626,16804.9353,3622.3802,10820.875,,,,0,0,0,0,0
usp0003mvg,10/16/88,1988,5.9,Ionian Sea,12,1100,1,,73.1509,840.0782,38.0846,708.967,,,,0,0,0,0,0
usp0003p6p,11/25/88,1988,5.9,"Saguenay Valley region, Quebec, Canada",4.7,280,1,,62.9936,2005.4976,48.1131,1309.2275,,,,0,0,0,0,0
usp0003stk,3/10/89,1989,5.8,"New Britain region, Papua New Guinea",0,0,1,,0,0,0,0,,,,0,0,0,0,0
usp0003xwt,8/1/89,1989,6.3,"Papua, Indonesia",110,210,1,,139.2056,320.1438,47.6184,114.8131,,,,0,0,0,0,0
usp0004985,5/13/90,1990,6.4,North Island of New Zealand,15,230,1,,201.7082,4475.3766,23.957,639.7178,,,,0,0,0,0,0
usp0004bt0,7/13/90,1990,6.4,"Hindu Kush region, Afghanistan",0,0,1,,0,0,0,0,,,,0,0,0,0,0
usp0005cq0,8/19/92,1992,7.3,Kyrgyzstan,89,3800,1,,22986.2825,503282.0539,314.8369,9937.0162,,,,0,0,0,0,0
usp0005rcg,4/18/93,1993,6.3,central Peru,0,0,1,,0,0,0,0,,,,0,0,0,0,0
usp0005y8t,8/10/93,1993,6.4,North Island of New Zealand,9.4,950,1,,55.5646,413.2868,12.9225,128.3331,,,,0,0,0,0,0
usp000683u,2/5/94,1994,6.2,"Lake Albert region, Uganda",10,1500,1,,51.5692,977.9735,18.269,730.5908,,,,0,0,0,0,0
usp0006dzc,6/9/94,1994,8.2,"La Paz, Bolivia",0,0,1,,0,0,0,0,,,,0,0,0,0,0
usp0006efu,6/18/94,1994,6.8,South Island of New Zealand,20,46,1,,257.4288,1353.6638,30.3236,124.8623,,,,0,0,0,0,0
usp0006tcx,2/23/95,1995,6.2,Taiwan,2.7,5000,1,,37.9627,457.1215,19.8367,220.9478,,,,0,0,0,0,0
usp0006znz,6/25/95,1995,6,Taiwan,0,0,1,,0,0,0,0,,,,0,0,0,0,0
usp000714t,7/30/95,1995,8,"Antofagasta, Chile",9.1,50,1,,29.0394,713.1922,10.8251,503.4678,,,,0,0,0,0,0
usp0007992,12/19/95,1995,5.4,Guatemala,0,0,1,,0,0,0,0,,,,0,0,0,0,0
usp000799b,12/19/95,1995,6.5,"Papua, Indonesia",120,510,1,,80.7138,509.6388,70.7066,388.7003,,,,0,0,0,0,0
usp0008rnv,7/17/98,1998,5.7,Taiwan,0.34,150,1,,52.6831,1580.7854,38.1256,1063.272,,,,0,0,0,0,0
usp00099y6,6/15/99,1999,7,"Puebla, Mexico",120,21000,1,,71.6919,641.1451,24.8169,712.6861,,,,0,0,0,0,0
usp000a1b0,10/6/00,2000,6.7,"western Honshu, Japan",97,120000,1,,196.3373,820.6054,124.16,522.4023,,,,0,0,0,0,0
usp000a3qq,11/16/00,2000,8,"New Ireland region, Papua New Guinea",230,14000,1,,71.8795,281.7478,14.7108,70.9687,,,,0,0,0,0,0
usp000ajqv,7/17/01,2001,4.7,northern Italy,0,0,1,,0,0,0,0,,,,0,0,0,0,0
usp000azhc,3/3/02,2002,7.4,"Hindu Kush region, Afghanistan",0,0,1,,0,0,0,0,,,,0,0,0,0,0
usp000b1gt,4/1/02,2002,5.3,"eastern New Guinea region, Papua New Guinea",0,0,1,,0,0,0,0,,,,0,0,0,0,0
usp000btf5,3/25/03,2003,6.5,"Flores region, Indonesia",0.72,260,1,,25.2929,499.5811,2.5592,39.7609,,,,0,0,0,0,0
usp000c4tt,8/14/03,2003,6.3,Greece-Albania border region,14,1700,1,,40.599,217.3931,18.7478,116.6057,,,,0,0,0,0,0
usp000c5h6,8/21/03,2003,7.2,South Island of New Zealand,26,35,1,,345.934,1974.3023,7.5715,250.678,,,,0,0,0,0,0
usp000cm59,2/14/04,2004,5.5,Pakistan,0.0018,16,1,,inf,inf,6.345,263.7245,,,,0,0,0,0,0
usp000ctwv,5/1/04,2004,5.2,Taiwan,0,0,1,,0,0,0,0,,,,0,0,0,0,0
usp000d00p,7/12/04,2004,5.2,Slovenia,0,0,1,,0,0,0,0,,,,0,0,0,0,0
usp000d6vk,10/23/04,2004,6.6,"near the west coast of Honshu, Japan",280,240000,1,,419.2618,763.169,261.378,389.6672,,,,0,0,0,0,0
usp000dsw1,6/13/05,2005,7.8,"Tarapaca, Chile",120,62,1,,405.9104,9603.0686,46.1671,1373.3262,,,,0,0,0,0,0
usp000e12e,10/8/05,2005,7.6,Pakistan,180,270000,1,,1078.2637,9936.6877,406.0288,4416.9073,,,,0,0,0,0,0
usp000ea1q,2/14/06,2006,5.3,"Sikkim, India",0,0,1,,0,0,0,0,,,,0,0,0,0,0
usp000eamh,2/22/06,2006,7,Mozambique,130,920,1,,792.242,9828.8836,170.5614,2651.3282,,,,0,0,0,0,0
usp000ep9q,7/22/06,2006,4.9,"Sichuan-Yunnan-Guizhou region, China",0,0,1,,0,0,0,0,,,,0,0,0,0,0
usp000f83m,4/1/07,2007,8.1,Solomon Islands,1000,23000,1,,475.0421,831.2303,349.1251,681.4834,,,,0,0,0,0,0
usp000fa97,4/21/07,2007,6.2,"Aisen, Chile",10,1200,1,,48.9492,65.0235,16.0729,12.9297,,,,0,0,0,0,0
usp000fg9t,7/16/07,2007,6.6,"near the west coast of Honshu, Japan",290,210000,1,,514.2677,817.3191,308.7011,389.7493,,,,0,0,0,0,0
usp000fgtx,7/21/07,2007,5.2,Tajikistan,0,0,1,,0,0,0,0,,,,0,0,0,0,0
usp000fjta,8/15/07,2007,8,near the coast of central Peru,13,1200,1,,153.1861,2621.1407,43.6072,1681.7073,,,,0,0,0,0,0
usp000fw2w,1/6/08,2008,6.2,southern Greece,0,0,1,,0,0,0,0,,,,0,0,0,0,0
usp000g650,5/12/08,2008,7.9,"eastern Sichuan, China",620,920000,1,,2035.3981,18756.1462,440.3677,3778.3952,,,,0,0,0,0,0
usp000g7p6,5/24/08,2008,5.9,Colombia,6.9,14000,1,,30.1334,248.2731,8.3395,99.0924,,,,0,0,0,0,0
usp000g8r4,6/6/08,2008,5.5,northern Algeria,0,0,1,,0,0,,,,,,0,0,0,0,0
usp000g8vs,6/8/08,2008,6.4,southern Greece,32,2600,1,,73.4112,696.5457,93.2956,1872.1885,,,,0,0,0,0,0
usp000g9h6,6/13/08,2008,6.9,"eastern Honshu, Japan",220,120000,1,,1159.6064,6347.168,483.5661,2747.6151,,,,0,0,0,0,0
usp000gscg,1/8/09,2009,6.1,Costa Rica,4.3,9700,1,,290.219,9187.2012,71.4209,2068.2042,,,,0,0,0,0,0
usp000gvtu,4/6/09,2009,6.3,central Italy,5.3,530,1,,29.1688,213.7714,44.549,414.0979,,,,0,0,0,0,0
usp000gxkj,5/28/09,2009,7.3,offshore Honduras,930,160000,1,,626.8278,736.7059,124.8693,400.2483,,,,0,0,0,0,0
usp000h237,9/30/09,2009,7.6,"southern Sumatra, Indonesia",3400,1100000,1,,2360.2499,6015.8265,545.7523,562.1684,,,,0,0,0,0,0
usp000h60h,1/12/10,2010,7,Haiti region,220,140000,1,,1352.4773,8540.2986,337.952,2122.7302,,,,0,0,0,0,0
usp000hk46,9/3/10,2010,7,South Island of New Zealand,160,26000,1,,86.6468,1007.9775,20.6521,133.0455,,,,0,0,0,0,0
usp000huvq,2/21/11,2011,6.1,South Island of New Zealand,38,25000,1,,25.7936,352.4263,16.3379,82.4076,,,,0,0,0,0,0
usp000j6wm,8/23/11,2011,5.3,Colorado,0,0,1,,0,0,0,0,,,,0,0,0,0,1
usp000j9rr,10/23/11,2011,7.1,eastern Turkey,16,1800,1,,74.2952,717.487,14.6452,373.9727,,,,0,0,0,0,0
usp000jkn8,5/20/12,2012,6,northern Italy,60,7500,1,,67.5299,687.3058,89.1647,1161.5446,,,,0,0,0,0,0
usp000jmmc,6/11/12,2012,5.7,"Hindu Kush region, Afghanistan",0,0,1,,0,0,0,0,,,,0,0,0,0,0
usp000jrsw,9/5/12,2012,7.6,Costa Rica,550,42000,1,,390.9727,1341.6999,100.714,493.5581,,,,0,0,0,0,0
uw10313838,9/21/93,1993,6,Oregon,29,32,1,,80.7444,966.8423,67.6692,2740.3218,0,0,0,0,0,0,0,1
ci14383980,7/29/08,2008,5.4,"5km S of Chino Hills, CA",0.068,170,2,,0.1545,12.1193,0.1626,13.0833,0,0,0,0,0,0,0,1
ci9108652,10/16/99,1999,7.1,"16km SW of Ludlow, CA",49,1300,2,,447.6888,7528.183,174.4876,6840.8133,0,0,0,0,0,0,0,1
nc21123384,9/3/00,2000,4.9,Northern California (Yountville),0.25,89,2,,92.7612,5975.9319,8760.415,672310.1486,0,0,0,0,0,0,0,1
nc72507396,8/17/15,2015,4,"1km N of Piedmont, California",0,0,2,,0,0,0,0,0,0,0,0,0,0,0,1
se609212,8/23/11,2011,5.8,"14km SSE of Louisa, Virginia",11,150,2,,1241.9839,41578.206,1958.7973,75513.7419,0,0,0,0,0,0,0,1
ci3031111,6/28/92,1992,7.3,"Landers, California Earthquake",48,4200,3,,765.171,13327.3755,325.7401,11549.0426,0,0,0,0,0,0,0,1
usp00043na,12/27/89,1989,5.4,near the southeast coast of Australia,7.6,2100,3,,88.9601,1865.8344,45.0818,1093.9126,0,0,0,0,0,0,0,0
usp0004j1w,12/13/90,1990,5.6,"Sicily, Italy",5.1,810,3,,6.0699,159.0028,13.448,480.8744,0,0,0,0,0,0,0,0
usp0004r6m,5/3/91,1991,5.6,Georgia (Sak'art'velo),0,0,3,,0,0,0,0,0,0,0,0,0,0,0,0
usp000618c,9/29/93,1993,6.2,"Maharashtra, India (Killari)",36,9700,3,1,562.6791,9917.887,436.5149,8897.0491,0,0,0,0,0,0,0,0
usp0006dv8,6/6/94,1994,6.8,Colombia,220,150000,3,,80.0387,336.8256,14.2306,54.9737,0,0,0,0,0,0,0,0
usp00073c5,9/14/95,1995,7.4,"Guerrero, Mexico",99,4300,3,,64.5491,421.8667,17.3181,183.1564,0,0,0,0,0,0,0,0
usp000749b,10/1/95,1995,6.4,western Turkey (Dinar),14,800,3,,83.9438,1023.4261,86.0804,2001.1005,0,0,0,0,0,0,0,0
usp00074c4,10/3/95,1995,7,Peru-Ecuador border region (Macas),850,3800,3,,253.4453,488.2269,39.3085,133.322,0,0,0,0,0,0,0,0
usp0007wrr,2/4/97,1997,6.5,Turkmenistan-Iran border region (Bojnoord),0.73,870,3,,39.0396,1377.1159,274.1562,11553.3203,0,0,0,0,0,0,0,0
usp0007y0b,2/28/97,1997,6.1,Azerbaijan-Iran border region (Ardebil),2.1,3100,3,,1079.8621,49618.7264,2628.363,156088.2749,0,0,0,0,0,0,0,0
usp000820p,5/10/97,1997,7.3,eastern Iran (Ardekul),140,750,3,,730.375,12118.7137,282.7436,12064.2803,0,0,0,0,0,0,0,0
usp000881f,9/26/97,1997,6,central Italy (Umbria-Marche),8.5,2400,3,,297.0097,4829.0331,342.6416,7647.6353,0,0,0,0,0,0,0,0
usp0008rpa,7/17/98,1998,7,"near the north coast of New Guinea, Papua New Guinea",240,5100,3,1,62.9533,204.7195,52.4098,72.9241,0,0,0,0,0,0,0,0
usp00091q3,1/25/99,1999,6.1,"Armenia, Colombia",84,58000,3,1,430.3918,2997.8208,60.287,385.9654,0,0,0,0,0,0,0,0
usp0009e46,9/7/99,1999,6,Greece (Athens),2.7,5800,3,,350.1916,8825.7125,120.9586,4790.2344,0,0,0,0,0,0,0,0
usp0009hev,11/12/99,1999,7.2,western Turkey (Düzce),32,25000,3,,112.0021,566.445,31.1303,125.5229,0,0,0,0,0,0,0,0
usp000a9jv,2/13/01,2001,6.6,El Salvador (San Salvador),23,12000,3,,124.5338,800.1416,39.1489,627.2301,0,0,0,0,0,0,0,0
usp000bftq,11/1/02,2002,5.8,southern Italy (Molise),0.017,0,3,,58.298,3815.008,25.5598,1766.7853,0,0,0,0,0,0,0,0
usp000bwbc,5/1/03,2003,6.4,eastern Turkey,6.4,840,3,,349.2478,5158.4205,88.672,1428.0231,0,0,0,0,0,0,0,0
nc21323712,12/22/03,2003,6.5,Central California (San Simeon),3.1,560,4,,47.0412,1262.8769,33.9849,982.1392,1,1,1,274930.5,881433.76,186262.85,1342627.11,1
ak002e435qpj,11/3/02,2002,7.9,Central Alaska,290,53,4,,6616.639,106170.163,59.9921,1333.1782,1,2,0,13544.83,25914796.71,0,25928341.54,1
ak018fcnsk91,11/30/18,2018,7.1,"14km NNW of Anchorage, Alaska",330,4300,4,,402.2436,4056.9838,19.2266,448.7643,1,1,0,10673265.24,91743.34,112527.79,10877536.37,1
ci14607652,4/4/10,2010,7.2,"12km SW of Delta, B.C., MX (Baja)",580,33000,4,,258.27,1876.8836,36.0407,470.7632,1,2,2,11584148.44,10201839.55,75037847.42,96823835.41,1
ci3144585,1/17/94,1994,6.7,"1km NNW of Reseda, CA (Northridge)",34,82000,4,,1771.3583,38223.1645,1807.7174,36915.4748,0,0,1,16751155.17,1086260.66,3369726.17,21207142,1
ci38457511,7/6/19,2019,7.1,2019 Ridgecrest Earthquake Sequence,35,99,4,,119.5854,1097.1582,19.9435,603.7725,1,1,0,84945.64,11363.4,0,96309.04,1
nc1046962,8/6/79,1979,5.8,Northern California,3.1,590,1,,65.8621,1723.5095,29.7612,1119.455,,,,0,0,0,0,1
nc216859,10/18/89,1989,6.9,"Loma Prieta, California Earthquake",160,110000,4,,546.7057,4095.3041,122.5374,1555.3414,1,1,1,43568191.02,210621891.6,89584745.03,343774827.6,1
nc72282711,8/24/14,2014,6,South Napa,26,2300,4,,309.9252,2176.6068,60.1666,1252.0794,1,1,1,1359.74,2130.64,2939.29,6429.67,1
official19600522191120_30,5/22/60,1960,9.5,1960 Great Chilean Earthquake (Valdivia Earthquake),3100,190000,1,,3740.2323,17528.0434,229.1682,1295.6714,,,,0,0,0,0,0
official19640328033616_30,3/28/64,1964,9.2,"1964 Prince William Sound Earthquake, Alaska",2100,10000,4,,7427.3154,37455.7568,36.2689,460.8261,0,2,2,0,300623328,12826517.89,313449845.9,1
us10006jxs,9/3/16,2016,5.8,"14km NW of Pawnee, Oklahoma",7.1,30,4,,3171.3038,90860.677,35.1608,1211.8321,1,0,0,4935.23,0,0,4935.23,1
ushis2810,4/29/65,1965,6.7,"Seattle-Tacoma urban area, Washington",120,43000,4,,370.2474,3424.4313,66.0008,550.8778,1,1,1,816603.87,12734097.48,25302.91,13576004.26,1
uw10530748,2/28/01,2001,6.8,"Puget Sound region, Washington",92,28000,4,,145.3529,1559.7542,46.0784,416.1256,1,1,1,3158762.79,4169724.08,44213.26,7372700.13,1
ci3031425,6/28/92,1992,6.3,"7km SSE of Big Bear City, CA",3.9,860,5,,131.4623,4106.4351,461.5521,23319.2716,0,1,0,0,0,0,0,1
official20010623203314130_33,6/23/01,2001,8.4,near the coast of southern Peru (Atico),26,330,5,,366.8515,5134.3512,31.9335,839.4273,0,2,0,0,0,0,0,0
usp0004arq,6/20/90,1990,7.4,northern Iran,480,250000,5,,198.0155,1176.2902,67.2731,292.3626,2,0,1,0,0,0,0,0
usp0004bxs,7/16/90,1990,7.7,"Luzon, Philippines",3200,5000000,5,,1454.9678,2446.6287,198.3683,362.9144,2,2,2,0,0,0,0,0
usp0004qpg,4/22/91,1991,7.6,Costa Rica,1300,130000,5,,974.786,1383.7383,245.5903,1197.7728,0,2,2,0,0,0,0,0
usp000547c,3/13/92,1992,6.7,eastern Turkey,18,3100,5,,89.6548,419.6722,112.52,698.8927,1,1,0,0,0,0,0,0
usp0005f89,10/12/92,1992,5.8,Egypt,9.8,40000,5,,429.7432,16402.0319,364.6723,16351.1574,0,1,0,0,0,0,0,0
usp0005j5a,12/12/92,1992,7.8,"Flores region, Indonesia",38,8200,5,,425.6835,3197.7709,21.5507,233.6154,0,1,0,0,0,0,0,0
usp0005w12,7/12/93,1993,7.7,"Hokkaido, Japan region",24,6200,5,,380.4921,2924.0041,103.9806,598.9662,1,1,2,0,0,0,0,0
usp0005y3k,8/8/93,1993,7.8,Guam region,14,2200,5,,143.2789,619.8955,37.5383,211.8003,1,0,2,0,0,0,0,0
usp0006rew,1/16/95,1995,6.9,"near the south coast of western Honshu, Japan",460,2000000,5,,336.1101,900.7536,278.3793,647.9729,1,2,1,0,0,0,0,0
usp0006x90,5/13/95,1995,6.6,Greece (Kozani-Grevena),6.1,210,5,,33.4303,526.9202,41.5711,1929.7193,0,1,0,0,0,0,0,0
usp0006y50,5/27/95,1995,7.1,"Sakhalin, Russia (Neftegorsk)",290,240,5,,435.6801,4973.3261,53.9543,1494.0864,0,1,0,0,0,0,0,0
usp0006z34,6/15/95,1995,6.5,Greece (Aegion),4.4,390,5,,257.7665,1840.4004,77.4809,1384.9705,1,1,0,0,0,0,0,0
usp00074vc,10/9/95,1995,8,"Colima, Mexico (Manzanillo)",250,53000,5,,511.4121,3149.1982,53.3279,377.7774,2,2,1,0,0,0,0,0
usp0007788,11/22/95,1995,7.2,Egypt (Gulf of Aqaba),10,200,5,,354.5207,11337.1555,76.5667,2079.647,0,1,0,0,0,0,0,0
usp0007feq,3/28/96,1996,6,Ecuador,0.11,67,5,,5.4349,346.7126,2.7672,161.9615,0,0,0,0,0,0,0,0
usp0007swp,11/12/96,1996,7.7,near the coast of central Peru,4.6,23,5,,300.0634,5995.9619,14.6483,491.3351,0,1,0,0,0,0,0,0
usp00084m2,7/9/97,1997,7,"Sucre, Venezuela (Cariaco)",100,12000,5,,311.2716,1134.3646,12.0328,158.038,0,1,2,0,0,0,0,0
usp0008qkc,6/27/98,1998,6.3,central Turkey (Adana-Ceyhan),250,62000,5,,317.6986,1863.4152,14.7333,158.6819,1,1,1,0,0,0,0,0
usp0009d4z,8/17/99,1999,7.6,western Turkey (Kocaeli),190,160000,5,,724.52,3207.1008,236.7278,1338.9056,2,1,2,0,0,0,0,0
usp0009eq0,9/20/99,1999,7.7,Taiwan,630,1100000,5,,1250.2533,2391.3068,718.3682,1409.2527,2,1,2,0,0,0,0,0
usp000a7m5,1/13/01,2001,7.7,offshore El Salvador (San Miguel),880,120000,5,,265.0218,855.2343,111.016,749.7251,1,2,0,0,0,0,0,0
usp000a8ds,1/26/01,2001,7.7,"Gujarat, India (Bhuj)",5100,590000,5,,4709.1159,29032.7903,507.854,4600.6736,0,2,0,0,0,0,0,0
usp000bnyr,1/22/03,2003,7.6,"offshore Colima, Mexico",100,13000,5,,478.5303,3520.6229,62.0407,936.3833,1,1,1,0,0,0,0,0
usp000bxpg,5/21/03,2003,6.8,northern Algeria (Boumerdes),30,52000,5,,118.04,1251.1639,196.3864,2356.3173,0,1,0,0,0,0,0,0
,,,,,,,,,,,,,,,,,,,,
,,,,,,,,,,,,,,,,,,,,
,,,,,,,,,,,,,,,,,,,,
,,,,,,,,,,,,,,,,,,,,
,,,,,,,,,,,,,,,,,,,,
,,,,,,,,,,,,,,x`,,,,,,